{"stats":{"minecraft:custom":{"minecraft:time_since_rest":10969,"minecraft:crouch_one_cm":390,"minecraft:sprint_one_cm":24396,"minecraft:play_time":10969,"minecraft:walk_one_cm":20312,"minecraft:sneak_time":67,"minecraft:drop":2,"minecraft:jump":45,"minecraft:leave_game":2,"minecraft:time_since_death":10969,"minecraft:total_world_time":10969,"minecraft:interact_with_crafting_table":2,"minecraft:fall_one_cm":1376,"minecraft:fly_one_cm":7152},"minecraft:used":{"minecraft:wooden_axe":67,"alexsmobs:animal_dictionary":2},"minecraft:crafted":{"minecraft:birch_planks":12,"minecraft:crafting_table":1,"minecraft:stick":4,"minecraft:wooden_pickaxe":1,"minecraft:wooden_axe":1},"minecraft:broken":{"minecraft:wooden_axe":1},"minecraft:mined":{"minecraft:grass":1,"minecraft:oak_log":47,"minecraft:birch_log":16},"minecraft:dropped":{"minecraft:apple":2},"minecraft:picked_up":{"minecraft:birch_log":16,"minecraft:stick":16,"minecraft:apple":2,"minecraft:oak_log":46,"minecraft:oak_sapling":21,"minecraft:birch_sapling":3}},"DataVersion":3465}