{"stats":{"minecraft:custom":{"minecraft:time_since_rest":6439,"minecraft:sprint_one_cm":1065,"minecraft:play_time":6439,"minecraft:damage_taken":25,"minecraft:walk_one_cm":11304,"minecraft:sneak_time":15,"minecraft:mob_kills":2,"minecraft:jump":24,"minecraft:damage_dealt":189,"minecraft:leave_game":1,"minecraft:time_since_death":6439,"minecraft:total_world_time":6439,"minecraft:interact_with_crafting_table":3,"minecraft:fall_one_cm":896,"minecraft:fly_one_cm":1049},"minecraft:used":{"minecraft:wooden_sword":6,"minecraft:crafting_table":1,"minecraft:wooden_pickaxe":43},"minecraft:crafted":{"minecraft:wooden_sword":1,"minecraft:birch_planks":10,"minecraft:crafting_table":1,"minecraft:stick":4,"minecraft:wooden_pickaxe":1},"minecraft:mined":{"minecraft:grass_block":7,"minecraft:dirt":8,"minecraft:birch_log":3,"minecraft:stone":35,"minecraft:birch_leaves":4},"minecraft:killed":{"minecraft:zombie":2},"minecraft:picked_up":{"minecraft:birch_log":3,"minecraft:stick":1,"minecraft:rotten_flesh":1,"minecraft:birch_sapling":3,"minecraft:dirt":15,"minecraft:cobblestone":35}},"DataVersion":3465}