{"stats":{"minecraft:custom":{"minecraft:time_since_rest":18439,"minecraft:sprint_one_cm":50571,"minecraft:damage_taken":85,"minecraft:walk_one_cm":34323,"minecraft:mob_kills":2,"minecraft:drop":10,"minecraft:damage_dealt":189,"minecraft:interact_with_crafting_table":5,"minecraft:fly_one_cm":26559,"minecraft:crouch_one_cm":334,"minecraft:play_time":18439,"minecraft:sneak_time":59,"minecraft:jump":147,"minecraft:leave_game":1,"minecraft:time_since_death":18439,"minecraft:total_world_time":18439,"minecraft:fall_one_cm":3610},"minecraft:used":{"minecraft:apple":1,"minecraft:wooden_pickaxe":43,"minecraft:stone_axe":74,"minecraft:wooden_sword":6,"minecraft:mutton":3,"minecraft:crafting_table":2},"minecraft:crafted":{"minecraft:wooden_sword":1,"minecraft:crafting_table":2,"minecraft:stick":8,"minecraft:wooden_pickaxe":1,"minecraft:stone_pickaxe":1,"minecraft:stone_sword":1,"minecraft:birch_planks":32,"minecraft:stone_axe":1},"minecraft:mined":{"minecraft:birch_log":67,"minecraft:birch_leaves":5,"minecraft:grass":3,"minecraft:grass_block":7,"minecraft:oak_log":6,"minecraft:dirt":8,"minecraft:stone":35,"minecraft:oak_leaves":1},"minecraft:dropped":{"minecraft:birch_sapling":4,"minecraft:oak_sapling":1,"minecraft:rotten_flesh":1,"minecraft:wooden_sword":2,"minecraft:wooden_pickaxe":2},"minecraft:killed":{"minecraft:zombie":2},"minecraft:picked_up":{"minecraft:birch_log":65,"minecraft:stick":8,"minecraft:wooden_pickaxe":1,"minecraft:oak_log":6,"minecraft:dirt":15,"minecraft:wooden_sword":1,"minecraft:bone":2,"minecraft:rotten_flesh":1,"minecraft:apple":2,"minecraft:oak_sapling":3,"minecraft:birch_sapling":5,"minecraft:mutton":3,"minecraft:white_wool":2,"minecraft:cobblestone":35}},"DataVersion":3465}