{"stats":{"minecraft:custom":{"minecraft:jump":6,"minecraft:time_since_rest":2134,"minecraft:leave_game":1,"minecraft:sprint_one_cm":98,"minecraft:play_time":2134,"minecraft:time_since_death":2134,"minecraft:walk_one_cm":488,"minecraft:total_world_time":2134,"minecraft:interact_with_crafting_table":2,"minecraft:fall_one_cm":418},"minecraft:used":{"minecraft:crafting_table":1},"minecraft:crafted":{"minecraft:birch_planks":6,"minecraft:crafting_table":1,"minecraft:stick":4},"minecraft:mined":{"minecraft:birch_log":2,"minecraft:birch_leaves":4},"minecraft:picked_up":{"minecraft:birch_log":2}},"DataVersion":3465}